accountantId,cancelDate,ignoreField,signDate,signedOrganizationsCount
2239C5F5,21/05/2019,,2018-12-11T00:00:00,50.0
22A7B6CA,,,2019-08-30T00:00:00,200.0
22BBCCCB,,,2019-08-21T00:00:00,20.0
22C2E247,,,2019-08-13T00:00:00,100.0
22EB8F2A,,,2019-04-18T00:00:00,135.0
2346C3A7,,,2019-02-12T00:00:00,50.0
243CB3A8,21/05/2019,,2019-02-12T00:00:00,65.0
244A26FE,,,2019-02-21T00:00:00,80.0
24DE596F,,,2019-02-21T00:00:00,500.0
24EB97A4,,,2019-07-18T00:00:00,100.0
2582D98F,05/04/2019,,2019-03-18T00:00:00,120.0
25AF64BE,,,2019-08-15T00:00:00,35.0
25DF5C75,,,2019-08-21T00:00:00,200.0
25E2F3A7,,,2019-07-19T00:00:00,30.0
275E4492,,,2019-08-21T00:00:00,150.0
279E7C58,,,2019-08-29T00:00:00,120.0
27B7E4DF,,,2019-04-10T00:00:00,60.0
27CE79F8,,,2019-07-31T00:00:00,83.0
27DFE3B3,,,2019-05-21T00:00:00,80.0
2826FCBC,,,2019-08-01T00:00:00,20.0
28482AA9,,,2019-09-02T00:00:00,50.0
285398B8,,,2019-06-18T00:00:00,30.0
286E857A,,,2019-01-16T00:00:00,40.0
28C2D2F3,,,2019-01-21T00:00:00,75.0
28C6C893,,,2019-08-02T00:00:00,60.0
28EE2FCA,,,2019-01-28T00:00:00,40.0
28FDAC73,08/07/2019,,2018-12-18T00:00:00,85.0
295A2C9A,,,2019-01-21T00:00:00,100.0
296CAE4E,,,2018-12-14T00:00:00,100.0
29A23766,,,2019-08-16T00:00:00,45.0
29E7DC7D,,,2019-07-30T00:00:00,210.0
2A32FD84,,,2019-07-19T00:00:00,60.0
2A4FDA77,07/05/2019,,2019-02-07T00:00:00,50.0
2A8B2DAB,,,2019-08-12T00:00:00,80.0
2AFBA7EC,,,2019-07-10T00:00:00,50.0
2B447ACE,,,2019-08-09T00:00:00,300.0
2B663A75,,,2019-05-31T00:00:00,110.0
2B8D99C5,,,2019-08-30T00:00:00,30.0
2BCD8C43,,,2019-08-21T00:00:00,100.0
2C3D6D72,,,2019-07-24T00:00:00,120.0
2C72A4C9,,,2019-05-21T00:00:00,110.0
2CCAACFC,29/03/2019,,2018-12-07T00:00:00,45.0
2CCE2EAA,21/06/2019,,2019-01-25T00:00:00,90.0
2CEFEC2F,,,2019-07-24T00:00:00,20.0
2CF62DEE,,,2019-06-07T00:00:00,100.0
2D6A3C55,,,2019-05-20T00:00:00,100.0
2D876777,,,2019-08-21T00:00:00,150.0
2E43FA27,,,2019-07-31T00:00:00,36.0
2E45AACF,,,2019-02-06T00:00:00,100.0
2EFDAB6D,,,2019-08-21T00:00:00,35.0
2F3FECB6,,,2019-08-12T00:00:00,40.0
2FD9FE6D,,,2019-07-18T00:00:00,20.0
2FE26CCF,,,2018-12-13T00:00:00,60.0
2FF2A8AB,21/06/2019,,2019-01-14T00:00:00,50.0
32497C45,,,2019-07-18T00:00:00,60.0
325CCC9F,21/08/2019,,2019-04-12T00:00:00,70.0
327D33AF,,,2019-08-20T00:00:00,60.0
32A8D4BB,,,2019-02-26T00:00:00,200.0
32DB9CA3,,,2019-08-19T00:00:00,130.0
332A7799,,,2019-08-21T00:00:00,85.0
334DA9CA,,,2019-08-19T00:00:00,40.0
33C45E5B,,,2019-02-20T00:00:00,90.0
33CABBAF,24/06/2019,,2019-03-15T00:00:00,50.0
342AFA75,,,2018-12-10T00:00:00,200.0
34CAAC7F,,,2018-12-19T00:00:00,100.0
34D6A449,29/04/2019,,2018-12-12T00:00:00,90.0
34FCFAD9,,,2019-07-17T00:00:00,25.0
356D5CBD,,,2019-08-21T00:00:00,20.0
35A93AAC,,,2019-04-18T00:00:00,120.0
35F7E9AF,11/02/2019,,2019-01-21T00:00:00,200.0
363C9C9E,26/04/2019,,2019-02-14T00:00:00,60.0
365F5DA6,,,2019-08-13T00:00:00,40.0
3674BCD7,,,2019-08-21T00:00:00,70.0
367ACF6F,,,2019-07-19T00:00:00,80.0
36969F86,,,2019-06-21T00:00:00,100.0
36C2EE3C,,,2019-08-05T00:00:00,60.0
375CBA3D,,,2019-08-21T00:00:00,50.0
37BD8638,,,2019-07-12T00:00:00,35.0
386B39DE,21/05/2019,,2018-12-11T00:00:00,21.0
38876798,21/08/2019,,2019-01-16T00:00:00,40.0
38933A5C,17/07/2019,,2019-05-21T00:00:00,150.0
3894D689,,,2019-08-21T00:00:00,110.0
38BA4CA7,16/07/2019,,2019-05-07T00:00:00,110.0
38D2657B,,,2019-07-29T00:00:00,300.0
38DAFCEC,19/08/2019,,2019-06-21T00:00:00,40.0
392A4AE9,,,2019-07-18T00:00:00,30.0
392CFDAF,21/02/2019,,2019-01-21T00:00:00,80.0
394D5845,,,2019-01-21T00:00:00,80.0
39522AFE,,,2019-08-19T00:00:00,340.0
395F89D8,,,2019-08-21T00:00:00,40.0
397AC599,27/05/2019,,2018-12-19T00:00:00,400.0
3A359E35,,,2019-02-27T00:00:00,80.0
3A6726CD,,,2019-09-03T00:00:00,50.0
3A6C3BDD,,,2019-07-19T00:00:00,40.0
3A8D32BA,,,2019-08-02T00:00:00,180.0
3A9C7C53,15/07/2019,,2019-03-25T00:00:00,40.0
3AB8C349,,,2019-08-06T00:00:00,40.0
3ACA5EB5,,,2019-01-17T00:00:00,100.0
3B2DA32C,28/06/2019,,2019-06-21T00:00:00,100.0
3B2E5835,,,2019-01-16T00:00:00,90.0
3B543A87,,,2019-07-24T00:00:00,140.0
3B9A26F5,,,2019-07-02T00:00:00,52.0
3B9AD22B,,,2019-08-01T00:00:00,80.0
3BE9EDEE,,,2019-06-21T00:00:00,90.0
3BF3567A,,,2019-07-04T00:00:00,140.0
3BFEA5E7,,,2018-12-20T00:00:00,250.0
3C4D89AB,,,2019-07-09T00:00:00,100.0
3CA2986C,,,2019-08-21T00:00:00,70.0
3CAC3AFD,,,2019-04-18T00:00:00,90.0
3CAEFDDC,,,2019-03-08T00:00:00,45.0
3CC4CBA3,,,2018-12-07T00:00:00,140.0
3CF3FA5C,,,2019-04-18T00:00:00,50.0
3CFAB23A,,,2019-02-13T00:00:00,330.0
3DB63D5F,,,2019-06-10T00:00:00,90.0
3DB876ED,,,2019-07-26T00:00:00,10.0
3DCC394C,,,2018-12-20T00:00:00,70.0
3DDC25CA,,,2019-04-04T00:00:00,70.0
3E2BC47D,,,2019-08-16T00:00:00,130.0
3E3BEBCB,,,2019-07-31T00:00:00,60.0
3E99F9B7,,,2019-07-01T00:00:00,200.0
3EB9A35C,,,2019-02-15T00:00:00,80.0
3EBF636D,,,2019-05-15T00:00:00,60.0
3F5DA628,,,2019-05-28T00:00:00,30.0
3FC2C56C,,,2019-07-16T00:00:00,20.0
3FD3ACBB,,,2019-03-08T00:00:00,100.0
3FEACFE2,,,2019-05-31T00:00:00,150.0
426269D6,,,2019-06-21T00:00:00,22.0
42BEABAC,,,2018-12-17T00:00:00,140.0
42E4BFB9,21/02/2019,,2018-12-19T00:00:00,30.0
432CCCD8,,,2019-07-18T00:00:00,400.0
43AB7E4F,,,2019-02-14T00:00:00,40.0
442CD3C5,21/08/2019,,2019-04-17T00:00:00,70.0
443C2FF4,,,2019-05-24T00:00:00,20.0
4468BBD6,,,2019-08-21T00:00:00,30.0
44B623CF,21/06/2019,,2019-01-21T00:00:00,60.0
44CCB7C8,,,2019-05-14T00:00:00,200.0
44DB9EFA,,,2019-07-18T00:00:00,35.0
453CACFD,,,2019-08-23T00:00:00,110.0
457CEDC3,19/07/2019,,2019-03-08T00:00:00,90.0
459CCF29,,,2019-08-21T00:00:00,35.0
45A6A4FF,,,2019-04-18T00:00:00,40.0
45BAC537,,,2019-08-20T00:00:00,100.0
45D97C89,,,2019-06-04T00:00:00,190.0
45F9EAAF,,,2019-07-16T00:00:00,200.0
46A4DCF5,,,2019-05-13T00:00:00,125.0
46CCEAF6,,,2019-06-04T00:00:00,40.0
46D4A48C,,,2019-08-21T00:00:00,15.0
474CA583,,,2019-08-01T00:00:00,120.0
47544AB7,21/05/2019,,2019-03-20T00:00:00,70.0
476CE4AD,,,2019-08-21T00:00:00,150.0
47A469C2,21/06/2019,,2018-12-19T00:00:00,40.0
47BFBC23,,,2019-02-04T00:00:00,120.0
47DCB9FF,,,2019-06-26T00:00:00,294.0
485B6A3E,,,2019-08-30T00:00:00,55.0
486E426C,,,2019-08-21T00:00:00,60.0
4894C5AC,20/03/2019,,2018-12-10T00:00:00,20.0
48C84C36,,,2019-07-11T00:00:00,200.0
492523C8,,,2019-07-15T00:00:00,130.0
493AC82B,,,2019-02-11T00:00:00,170.0
493BCDFA,,,2019-01-18T00:00:00,70.0
4945C6AE,,,2019-08-19T00:00:00,170.0
499E7335,21/06/2019,,2019-02-04T00:00:00,200.0
49B9EC37,,,2019-06-21T00:00:00,100.0
49CD228B,,,2019-06-21T00:00:00,50.0
4A2FFAFA,,,2019-08-15T00:00:00,110.0
4A33DFFF,,,2019-05-28T00:00:00,120.0
4A43B738,,,2019-07-12T00:00:00,50.0
4A8AA299,,,2019-07-02T00:00:00,50.0
4ABABCA6,,,2019-07-20T00:00:00,120.0
4ACA228C,,,2019-08-21T00:00:00,100.0
4B3ABA4C,06/05/2019,,2019-03-20T00:00:00,50.0
4B448CDC,,,2019-08-21T00:00:00,170.0
4B554774,,,2019-01-24T00:00:00,40.0
4B64747A,,,2019-01-14T00:00:00,18.0
4BFD9CEA,,,2019-08-21T00:00:00,40.0
4C4ED6FD,,,2018-12-20T00:00:00,700.0
4C732A38,,,2019-07-18T00:00:00,50.0
4C87E56F,,,2019-04-01T00:00:00,70.0
4CA27AAC,,,2019-08-19T00:00:00,60.0
4CA28436,,,2019-03-08T00:00:00,300.0
4CC2DC68,,,2019-06-21T00:00:00,40.0
4CECE79C,02/09/2019,,2019-04-12T00:00:00,80.0
4D35594A,,,2019-02-21T00:00:00,50.0
4D4AB7DE,,,2019-07-19T00:00:00,100.0
4DAF9ADC,,,2019-07-12T00:00:00,100.0
4E2AAC25,09/05/2019,,2019-01-25T00:00:00,50.0
4E2ACCFA,,,2019-08-21T00:00:00,150.0
4E2E2BCB,21/06/2019,,2019-02-08T00:00:00,600.0
4E62ACA2,,,2019-08-21T00:00:00,200.0
4E767DD6,,,2019-08-21T00:00:00,70.0
4E9328D3,,,2019-08-21T00:00:00,120.0
4EA2BA27,19/07/2019,,2019-01-14T00:00:00,180.0
4ED2FFAA,,,2019-07-09T00:00:00,160.0
4EFEF74A,,,2019-07-09T00:00:00,170.0
4F28424C,,,2019-05-30T00:00:00,120.0
4FB5FE9A,,,2019-04-15T00:00:00,120.0
4FC7546B,21/06/2019,,2019-01-21T00:00:00,280.0
4FD57C52,,,2019-08-21T00:00:00,130.0
4FDA5A44,,,2019-07-18T00:00:00,30.0
4FDBADCC,,,2019-08-21T00:00:00,330.0
52BCCD69,,,2019-09-02T00:00:00,45.0
52CBCCC4,,,2019-05-21T00:00:00,270.0
52CDCAD7,21/08/2019,,2019-07-09T00:00:00,125.0
52F92479,,,2019-08-21T00:00:00,80.0
52FCAB69,,,2018-12-10T00:00:00,180.0
53274883,,,2019-08-20T00:00:00,120.0
539B7324,,,2019-02-27T00:00:00,170.0
53A2D724,,,2019-08-19T00:00:00,200.0
53C397F8,,,2019-08-01T00:00:00,200.0
548EF7FB,,,2019-09-03T00:00:00,100.0
54939E92,,,2019-08-15T00:00:00,170.0
54A73C2F,,,2019-09-02T00:00:00,30.0
54A777AE,20/03/2019,,2018-12-20T00:00:00,100.0
54C7DF7A,,,2019-08-13T00:00:00,90.0
54C9FB88,,,2019-06-13T00:00:00,90.0
54CCBCA4,,,2019-09-05T00:00:00,100.0
56232B2C,,,2019-04-05T00:00:00,20.0
5637A4EA,,,2019-08-21T00:00:00,100.0
566A8A7F,,,2019-01-15T00:00:00,100.0
56749CEC,03/06/2019,,2018-12-14T00:00:00,120.0
56BCBDCC,,,2018-12-07T00:00:00,40.0
56C4CFA5,,,2019-08-21T00:00:00,45.0
5728958B,,,2019-06-21T00:00:00,200.0
57AC72C5,,,2019-08-20T00:00:00,150.0
57BF35F4,,,2019-06-12T00:00:00,60.0
5879FAFA,,,2019-08-07T00:00:00,80.0
58AD6DC3,,,2019-01-18T00:00:00,35.0
58C3285A,21/08/2019,,2019-04-18T00:00:00,60.0
58C6AA8F,21/06/2019,,2019-02-21T00:00:00,50.0
58DFA788,,,2019-08-12T00:00:00,200.0
593768F5,13/08/2019,,2019-02-05T00:00:00,80.0
599CC4FF,,,2019-07-19T00:00:00,60.0
5A4653A9,,,2019-08-19T00:00:00,250.0
5A4AECE8,15/02/2019,,2019-01-21T00:00:00,100.0
5A4FBE6A,,,2018-12-17T00:00:00,50.0
5A92BC3A,,,2019-08-21T00:00:00,30.0
5A9C78A5,,,2019-08-21T00:00:00,120.0
5AAD64FD,,,2019-03-25T00:00:00,90.0
5B4A7A28,,,2019-01-17T00:00:00,50.0
5B73E927,,,2019-04-11T00:00:00,60.0
5B9D4AD7,,,2019-07-30T00:00:00,400.0
5BAC788C,21/06/2019,,2019-01-21T00:00:00,100.0
5C26332C,,,2019-08-21T00:00:00,150.0
5C499955,,,2019-07-30T00:00:00,100.0
5C7B45B8,,,2018-12-18T00:00:00,100.0
5CC8C629,,,2019-08-21T00:00:00,150.0
5CCA7A34,,,2019-01-29T00:00:00,80.0
5CCAA447,,,2019-08-27T00:00:00,30.0
5CCC5BFD,,,2019-05-03T00:00:00,150.0
5CCE6A3A,,,2019-02-05T00:00:00,30.0
5CEAFC77,,,2019-07-18T00:00:00,40.0
5CEDF44C,,,2019-08-21T00:00:00,50.0
5D26FEF3,,,2019-04-18T00:00:00,30.0
5D32A25D,,,2019-06-07T00:00:00,140.0
5DC6C4AC,22/04/2019,,2019-01-18T00:00:00,70.0
5E433CAD,,,2019-07-18T00:00:00,120.0
5EAAB6AE,,,2019-07-31T00:00:00,180.0
5F57EB2B,,,2019-08-20T00:00:00,60.0
5F83D65C,,,2018-12-17T00:00:00,90.0
5FC28AC4,,,2019-07-31T00:00:00,30.0
6237378B,,,2019-04-10T00:00:00,90.0
629C8A52,,,2019-08-21T00:00:00,60.0
62A2D485,,,2019-08-19T00:00:00,40.0
62AC647D,,,2019-09-03T00:00:00,300.0
62F2B5C2,21/08/2019,,2019-07-04T00:00:00,25.0
63269B7B,04/06/2019,,2019-01-25T00:00:00,100.0
633C9A9A,,,2019-02-26T00:00:00,600.0
63EB7826,,,2019-03-21T00:00:00,100.0
648A4CB8,,,2019-01-28T00:00:00,160.0
6498C3A4,,,2019-03-15T00:00:00,150.0
64A54AEE,,,2019-08-16T00:00:00,20.0
64E9AAC2,,,2019-01-21T00:00:00,150.0
65CCAB8C,,,2019-02-21T00:00:00,100.0
65FF4FAC,27/05/2019,,2019-01-31T00:00:00,80.0
66944995,,,2019-07-04T00:00:00,60.0
669B3855,,,2019-07-15T00:00:00,40.0
67233E6C,,,2019-08-21T00:00:00,60.0
673ADA8C,05/07/2019,,2019-03-18T00:00:00,50.0
6765A2F4,,,2019-03-29T00:00:00,250.0
67C7EF9F,,,2019-06-21T00:00:00,80.0
68728CE7,,,2019-07-19T00:00:00,100.0
6872C7AA,21/01/2019,,2018-12-10T00:00:00,20.0
68D8CF97,,,2019-08-12T00:00:00,60.0
69C5D83A,21/03/2019,,2018-12-20T00:00:00,50.0
69D6EEC4,,,2019-06-05T00:00:00,45.0
6A7B9749,,,2019-08-28T00:00:00,200.0
6A87B6E3,,,2019-07-29T00:00:00,170.0
6AC7569B,,,2019-08-30T00:00:00,97.0
6ACABC8F,14/08/2019,,2019-05-21T00:00:00,210.0
6AD8F265,,,2019-08-05T00:00:00,20.0
6ADA46E2,,,2019-08-21T00:00:00,200.0
6AECAEA8,,,2019-06-06T00:00:00,100.0
6AF56AFB,19/07/2019,,2019-05-14T00:00:00,80.0
6B2AC7AE,22/03/2019,,2018-12-13T00:00:00,70.0
6B38A3A4,,,2019-04-26T00:00:00,80.0
6B3F9493,,,2019-02-12T00:00:00,200.0
6B46C569,,,2019-08-21T00:00:00,80.0
6BA8CAFA,,,2018-12-06T00:00:00,130.0
6C4B9F4F,,,2019-07-31T00:00:00,150.0
6C62AEDC,,,2019-07-30T00:00:00,22.0
6C7572AA,28/08/2019,,2019-07-19T00:00:00,120.0
6CAC6CA4,,,2019-05-03T00:00:00,250.0
6CB45C79,18/04/2019,,2018-12-07T00:00:00,50.0
6CCD34B4,,,2019-07-16T00:00:00,100.0
6CDDCBD3,,,2019-03-15T00:00:00,50.0
6D4A7DF4,,,2019-03-15T00:00:00,400.0
6D528AAA,22/05/2019,,2019-01-04T00:00:00,100.0
6D64ECCD,10/06/2019,,2019-01-14T00:00:00,100.0
6DC58C5A,,,2019-01-29T00:00:00,30.0
6EBAC2FB,25/04/2019,,2018-12-14T00:00:00,70.0
6EBF3D62,,,2019-04-30T00:00:00,40.0
6EE4A6E8,,,2018-12-14T00:00:00,100.0
6F5AB7F3,21/06/2019,,2018-12-05T00:00:00,7.0
6FD635CC,,,2019-04-15T00:00:00,100.0
6FEBE7ED,,,2019-07-10T00:00:00,182.0
7225EB24,,,2019-08-21T00:00:00,80.0
723F223A,,,2019-02-05T00:00:00,220.0
729BA975,,,2019-02-19T00:00:00,30.0
72A96AD5,,,2019-08-21T00:00:00,70.0
72C24BFE,29/05/2019,,2019-04-04T00:00:00,60.0
72F795E4,01/08/2019,,2018-12-07T00:00:00,150.0
743FEF78,,,2019-07-31T00:00:00,80.0
74A2246C,,,2019-08-21T00:00:00,40.0
74A667C8,,,2019-08-21T00:00:00,80.0
74B3CAD4,21/06/2019,,2019-04-18T00:00:00,60.0
74F2CBB8,,,2019-04-16T00:00:00,60.0
74F56C7B,,,2019-08-21T00:00:00,100.0
75227998,,,2019-07-02T00:00:00,45.0
752CABCA,,,2019-07-16T00:00:00,80.0
75C364F9,,,2019-07-19T00:00:00,12.0
75E44338,19/06/2019,,2019-03-21T00:00:00,100.0
762FDAAD,21/06/2019,,2019-02-07T00:00:00,100.0
7635CBCA,,,2019-05-29T00:00:00,100.0
7639C2A2,,,2019-07-25T00:00:00,224.0
763DC5B8,,,2019-07-18T00:00:00,70.0
76667ABD,,,2019-08-21T00:00:00,30.0
76EE2A8B,,,2018-12-19T00:00:00,110.0
7744A77C,,,2019-05-21T00:00:00,40.0
774A93A6,,,2019-09-02T00:00:00,35.0
7759A56B,,,2019-08-12T00:00:00,70.0
776B7D24,,,2019-08-21T00:00:00,300.0
776C5963,29/01/2019,,2019-01-21T00:00:00,100.0
77927FED,,,2019-08-21T00:00:00,100.0
77BBD93C,,,2019-03-21T00:00:00,270.0
77CA737A,,,2019-01-21T00:00:00,100.0
788A7378,13/03/2019,,2019-02-04T00:00:00,50.0
78B59375,02/09/2019,,2019-05-13T00:00:00,100.0
78DCA6D7,,,2019-04-05T00:00:00,90.0
7942AA9A,,,2019-08-15T00:00:00,120.0
7955776B,,,2019-07-12T00:00:00,40.0
79957F77,,,2019-07-15T00:00:00,40.0
79A23636,,,2019-07-11T00:00:00,600.0
79A7DFDE,,,2019-04-25T00:00:00,120.0
79AAC8AE,,,2019-01-18T00:00:00,40.0
79EACE2A,,,2019-03-21T00:00:00,100.0
7A4679DE,,,2019-07-21T00:00:00,80.0
7A4A4A37,,,2019-08-21T00:00:00,120.0
7A8848AC,,,2019-09-02T00:00:00,100.0
7AA6DD56,,,2019-07-16T00:00:00,200.0
7AA7BAAB,,,2019-04-12T00:00:00,70.0
7AAEF738,,,2019-08-01T00:00:00,60.0
7AECBED2,,,2019-08-28T00:00:00,60.0
7B29C93C,,,2019-01-24T00:00:00,120.0
7BA6CC9C,,,2018-12-17T00:00:00,60.0
7C43E6BA,,,2019-08-08T00:00:00,80.0
7C44DB45,,,2019-08-21T00:00:00,30.0
7C4DDB2C,27/03/2019,,2019-01-07T00:00:00,110.0
7C687BF3,,,2019-08-21T00:00:00,100.0
7C74BA63,,,2019-07-19T00:00:00,200.0
7C77A693,,,2018-12-17T00:00:00,60.0
7C7AE5A4,,,2019-07-19T00:00:00,90.0
7C9C5F63,,,2019-08-12T00:00:00,50.0
7CC89ACC,,,2019-07-31T00:00:00,350.0
7CCC576A,,,2019-01-21T00:00:00,60.0
7CE28CAD,,,2019-04-16T00:00:00,200.0
7D33D57A,,,2019-06-18T00:00:00,50.0
7D49939D,,,2019-03-15T00:00:00,80.0
7D685D54,,,2018-12-07T00:00:00,100.0
7DA56D84,,,2019-06-19T00:00:00,66.0
7DBFAD9E,,,2018-12-11T00:00:00,200.0
7DC4D42D,,,2019-08-21T00:00:00,30.0
7E343E3E,10/06/2019,,2018-12-07T00:00:00,80.0
7E4C33B7,24/01/2019,,2018-12-19T00:00:00,100.0
7E74EBAB,,,2019-08-21T00:00:00,100.0
7EA848E5,,,2019-08-12T00:00:00,100.0
7EAB9CCD,,,2019-07-15T00:00:00,10.0
7EF55C34,,,2019-07-26T00:00:00,40.0
7F99836D,03/05/2019,,2018-12-20T00:00:00,130.0
7FA2D926,,,2019-07-16T00:00:00,150.0
7FA3FC69,,,2019-05-17T00:00:00,120.0
7FAC5C9A,,,2019-08-21T00:00:00,30.0
822ED8E7,19/08/2019,,2018-12-11T00:00:00,100.0
8243C543,,,2019-07-19T00:00:00,70.0
8246B5CE,,,2019-08-02T00:00:00,110.0
835EA7FC,29/04/2019,,2019-01-14T00:00:00,200.0
837BBD76,,,2018-12-18T00:00:00,80.0
83EEA74F,,,2019-02-12T00:00:00,60.0
83FBA9C8,07/02/2019,,2019-01-21T00:00:00,50.0
83FBF2DA,,,2019-09-02T00:00:00,15.0
84233AC3,,,2019-06-21T00:00:00,120.0
8462DC93,,,2019-02-12T00:00:00,50.0
848C59D7,,,2019-01-21T00:00:00,100.0
84A3736A,,,2019-06-19T00:00:00,40.0
854FAD45,,,2019-04-18T00:00:00,500.0
8583DABA,,,2018-12-12T00:00:00,500.0
858DCC3F,,,2019-08-09T00:00:00,30.0
85C9C489,,,2019-07-18T00:00:00,100.0
8642443D,,,2019-08-13T00:00:00,34.0
86657CCC,,,2019-08-21T00:00:00,200.0
87A4BD8A,22/05/2019,,2018-12-18T00:00:00,60.0
87CC76D8,,,2019-03-28T00:00:00,60.0
88723D8C,06/08/2019,,2019-03-14T00:00:00,70.0
887CBAFB,,,2019-07-16T00:00:00,40.0
88A4A53F,,,2019-08-30T00:00:00,260.0
88C377A6,,,2019-08-13T00:00:00,60.0
88CD25B8,,,2019-05-21T00:00:00,100.0
88E7AD36,,,2019-08-21T00:00:00,100.0
88E8FF3C,,,2019-07-29T00:00:00,40.0
88ECF7CD,27/08/2019,,2019-02-21T00:00:00,90.0
892CC4B7,,,2019-05-07T00:00:00,50.0
8977CFD2,12/06/2019,,2019-01-09T00:00:00,30.0
898A5387,,,2018-12-07T00:00:00,40.0
8A5F2CA4,,,2018-12-20T00:00:00,100.0
8A62FC5A,,,2019-01-14T00:00:00,200.0
8B4EB7EA,21/06/2019,,2019-04-04T00:00:00,50.0
8BCADFAA,,,2019-07-16T00:00:00,80.0
8BCF38C9,,,2019-02-21T00:00:00,170.0
8C3E6A55,,,2019-08-21T00:00:00,70.0
8C5BA54A,,,2019-07-19T00:00:00,200.0
8C6A2BBB,,,2019-02-21T00:00:00,50.0
8C75728C,,,2019-08-21T00:00:00,150.0
8CAEC399,,,2019-07-17T00:00:00,177.0
8CC69ABC,,,2019-08-21T00:00:00,180.0
8CEC9CFA,,,2019-08-06T00:00:00,70.0
8D222C8D,,,2019-06-10T00:00:00,90.0
8D26CEC7,,,2019-01-28T00:00:00,50.0
8D278FD2,,,2019-08-19T00:00:00,500.0
8DC5B3C2,,,2019-08-21T00:00:00,100.0
8DE58CED,,,2019-03-19T00:00:00,100.0
8E7D7CF5,,,2019-08-21T00:00:00,30.0
8E9CEF5B,,,2019-01-14T00:00:00,130.0
8F2AAA68,,,2019-07-26T00:00:00,100.0
92BC43D9,,,2019-08-21T00:00:00,36.0
92CBD428,,,2019-03-18T00:00:00,150.0
93AAE7E8,,,2019-08-13T00:00:00,120.0
93AAEE5C,,,2019-08-29T00:00:00,80.0
93DA9AB5,,,2019-05-14T00:00:00,120.0
93F92B3C,,,2019-08-15T00:00:00,80.0
947DCF84,,,2019-09-02T00:00:00,80.0
94A72CBF,27/03/2019,,2019-01-31T00:00:00,100.0
94DDCCDA,13/03/2019,,2018-12-07T00:00:00,30.0
9528B43E,16/04/2019,,2019-02-28T00:00:00,400.0
95542FA7,21/06/2019,,2019-03-27T00:00:00,170.0
955E3B2C,,,2019-02-04T00:00:00,100.0
956DD7F9,,,2019-05-17T00:00:00,100.0
95748C38,,,2019-07-10T00:00:00,500.0
95CCAAC5,,,2019-08-30T00:00:00,10.0
95EDB722,,,2019-02-06T00:00:00,50.0
966BC88A,,,2019-01-09T00:00:00,60.0
966C4C8A,,,2019-06-27T00:00:00,50.0
96ACB33E,,,2019-04-18T00:00:00,120.0
96EB7367,,,2019-05-31T00:00:00,100.0
973D57CA,,,2019-08-20T00:00:00,150.0
9747CA5D,,,2019-09-02T00:00:00,30.0
9789D87A,,,2019-05-16T00:00:00,220.0
97974BA8,,,2019-08-16T00:00:00,80.0
97A56A2B,,,2019-01-30T00:00:00,90.0
97BFAB25,27/03/2019,,2019-01-09T00:00:00,70.0
97C562A9,,,2019-08-12T00:00:00,65.0
97C577B2,19/07/2019,,2019-02-21T00:00:00,80.0
9859772F,29/03/2019,,2019-03-21T00:00:00,80.0
988F7CB5,,,2019-08-16T00:00:00,90.0
98AC9F4C,,,2019-08-12T00:00:00,170.0
98C4ABAA,,,2018-12-13T00:00:00,100.0
98CB7AB6,,,2019-08-21T00:00:00,200.0
99798CAF,,,2019-02-21T00:00:00,45.0
99AA3848,,,2019-09-05T00:00:00,40.0
99EB8CD5,,,2019-08-02T00:00:00,60.0
99FC98C8,,,2019-06-21T00:00:00,30.0
9A76C463,12/03/2019,,2019-01-24T00:00:00,60.0
9AD28EC9,,,2018-12-18T00:00:00,700.0
9AD4B4E4,,,2019-09-05T00:00:00,50.0
9B3242C9,,,2019-08-21T00:00:00,30.0
9B888FCB,,,2019-08-29T00:00:00,60.0
9BD4CAAA,,,2019-06-11T00:00:00,130.0
9BEC8BA4,,,2019-08-20T00:00:00,150.0
9C224288,,,2019-07-01T00:00:00,36.0
9C5A2C4A,,,2019-05-14T00:00:00,200.0
9C87ABDC,11/07/2019,,2018-12-20T00:00:00,100.0
9C9A9CF3,,,2019-03-21T00:00:00,120.0
9C9E6634,,,2019-08-12T00:00:00,80.0
9CA2F3AC,,,2019-01-17T00:00:00,200.0
9CAF3AFC,,,2019-03-21T00:00:00,280.0
9CCDD94C,,,2019-08-21T00:00:00,730.0
9CD865A2,,,2019-02-04T00:00:00,100.0
9CEEF383,,,2019-04-18T00:00:00,300.0
9D28CA3C,,,2019-08-20T00:00:00,120.0
9E35F486,,,2019-06-04T00:00:00,50.0
9E7AA5CB,21/08/2019,,2019-03-21T00:00:00,100.0
9EDCC6F7,,,2019-07-04T00:00:00,50.0
9F3597A4,,,2019-08-21T00:00:00,40.0
9F3C5FE7,,,2019-07-19T00:00:00,60.0
9F47A7F3,,,2018-12-10T00:00:00,120.0
9F5CE5F5,,,2019-08-21T00:00:00,40.0
9F897D2A,,,2019-08-20T00:00:00,120.0
9FA3E53A,,,2019-08-19T00:00:00,60.0
9FBC3A4A,,,2019-08-21T00:00:00,100.0
9FDCE386,,,2019-08-15T00:00:00,175.0
9FE2F8CF,,,2019-06-21T00:00:00,110.0
A244FAAA,,,2019-08-21T00:00:00,150.0
A26BC35F,,,2019-07-19T00:00:00,1200.0
A2A5A353,,,2019-05-24T00:00:00,130.0
A2A7CDC2,,,2019-08-28T00:00:00,90.0
A2AAC556,20/05/2019,,2019-01-18T00:00:00,200.0
A2DDF47E,,,2019-03-29T00:00:00,250.0
A3A8C32E,21/05/2019,,2018-12-20T00:00:00,30.0
A3A8D443,,,2019-08-21T00:00:00,50.0
A3B58799,21/05/2019,,2019-01-21T00:00:00,50.0
A3BFF75C,19/08/2019,,2019-03-18T00:00:00,40.0
A3E7E34E,21/08/2019,,2019-03-21T00:00:00,60.0
A43BCDCF,,,2019-06-06T00:00:00,100.0
A49F6E85,,,2019-07-31T00:00:00,60.0
A4B3BF84,,,2019-05-31T00:00:00,15.0
A4F54EAC,,,2019-09-03T00:00:00,70.0
A53CC329,19/08/2019,,2019-01-21T00:00:00,100.0
A54E2EC6,,,2019-01-21T00:00:00,70.0
A57F6E39,,,2019-08-05T00:00:00,150.0
A587EAEE,21/08/2019,,2019-06-11T00:00:00,170.0
A5A93F2F,08/04/2019,,2019-02-12T00:00:00,60.0
A5AE48FD,,,2019-08-21T00:00:00,70.0
A5B74AB4,,,2019-07-26T00:00:00,100.0
A5D83C32,,,2019-08-12T00:00:00,80.0
A5F6F459,,,2019-08-13T00:00:00,30.0
A5FA6B95,,,2019-07-05T00:00:00,60.0
A6299DCD,,,2019-06-21T00:00:00,100.0
A642AA69,,,2018-12-07T00:00:00,350.0
A647C2AA,,,2019-08-12T00:00:00,80.0
A65BBE4D,,,2019-03-18T00:00:00,50.0
A67AC84E,,,2019-08-21T00:00:00,100.0
A68FEC44,,,2019-01-18T00:00:00,200.0
A694AD3A,19/08/2019,,2019-02-13T00:00:00,170.0
A6A25C32,28/02/2019,,2019-02-13T00:00:00,45.0
A6BCAF2E,,,2019-08-21T00:00:00,400.0
A6DAB9C6,,,2019-08-07T00:00:00,70.0
A6EB3355,09/04/2019,,2018-12-12T00:00:00,500.0
A6F93CC5,,,2019-07-08T00:00:00,280.0
A742A8B3,,,2019-03-21T00:00:00,230.0
A755ABBE,,,2019-04-15T00:00:00,70.0
A755AE27,,,2019-07-16T00:00:00,60.0
A75D3AE3,,,2019-08-21T00:00:00,30.0
A79752AA,,,2019-08-21T00:00:00,50.0
A7B2CE7B,,,2019-08-12T00:00:00,20.0
A85C5F6F,,,2019-05-13T00:00:00,40.0
A86CDAAF,19/07/2019,,2019-03-15T00:00:00,200.0
A8795B9A,,,2019-07-17T00:00:00,100.0
A89C5973,,,2019-05-14T00:00:00,170.0
A8A2E7CC,,,2019-08-30T00:00:00,50.0
A8A8CAFE,21/06/2019,,2019-02-07T00:00:00,100.0
A8CCC5FC,,,2018-12-12T00:00:00,20.0
A8E2B3A7,13/08/2019,,2018-12-07T00:00:00,50.0
A96FDE7E,,,2019-08-21T00:00:00,150.0
A9B47FB7,,,2018-12-07T00:00:00,100.0
A9CABF45,,,2019-04-18T00:00:00,130.0
A9DB4487,,,2019-07-09T00:00:00,120.0
A9EA68B5,,,2019-09-05T00:00:00,50.0
AA2F74CD,,,2019-08-16T00:00:00,50.0
AA3E5B25,,,2019-07-15T00:00:00,30.0
AA466244,,,2019-08-20T00:00:00,100.0
AA46C7AA,,,2019-08-21T00:00:00,30.0
AA47AF2C,,,2019-05-21T00:00:00,50.0
AA67BC3C,,,2019-04-24T00:00:00,100.0
AA67CC2A,,,2019-07-19T00:00:00,164.0
AA69A5DF,,,2019-08-21T00:00:00,45.0
AA69E58F,,,2019-09-03T00:00:00,100.0
AA75AABA,,,2019-08-20T00:00:00,40.0
AA9553A6,,,2019-02-26T00:00:00,200.0
AA9D257C,21/08/2019,,2019-07-15T00:00:00,25.0
AA9DAAAC,,,2019-08-19T00:00:00,100.0
AAAF9FBA,,,2019-07-15T00:00:00,400.0
AABD588B,,,2018-12-17T00:00:00,40.0
AAC5AFD4,21/06/2019,,2019-02-13T00:00:00,50.0
AACC6AA4,02/09/2019,,2019-03-15T00:00:00,100.0
AAE3DA6E,17/07/2019,,2019-02-21T00:00:00,125.0
AB42F63D,,,2018-12-12T00:00:00,100.0
AB4426F6,,,2019-08-19T00:00:00,60.0
AB58FBCA,,,2019-02-21T00:00:00,150.0
AB9AF75E,,,2019-01-04T00:00:00,220.0
AB9E5FDB,,,2019-07-24T00:00:00,18.0
ABB68377,,,2019-08-21T00:00:00,130.0
ABD3A64D,,,2019-08-21T00:00:00,20.0
ABEBE66B,13/08/2019,,2019-02-13T00:00:00,80.0
AC328527,,,2019-08-21T00:00:00,90.0
AC373BE4,,,2019-08-06T00:00:00,60.0
AC3753AD,,,2019-03-07T00:00:00,70.0
AC3ADF6F,,,2019-07-18T00:00:00,100.0
AC3C6E42,,,2019-08-01T00:00:00,150.0
AC3CEDD6,,,2019-08-21T00:00:00,40.0
AC4E372F,,,2018-12-14T00:00:00,70.0
AC5EFAA7,21/08/2019,,2019-02-11T00:00:00,350.0
AC6AF37D,,,2019-07-21T00:00:00,70.0
AC7E7CD8,,,2019-04-18T00:00:00,130.0
AC849929,,,2019-05-03T00:00:00,50.0
AC8BD7C2,20/05/2019,,2018-12-14T00:00:00,80.0
AC97426C,19/07/2019,,2018-12-10T00:00:00,50.0
AC9B5D6A,19/07/2019,,2019-04-04T00:00:00,220.0
AC9C33B7,,,2019-01-14T00:00:00,110.0
ACACFEC9,,,2018-12-20T00:00:00,160.0
ACC262D9,,,2019-06-14T00:00:00,111.0
ACC3876E,,,2019-07-24T00:00:00,20.0
ACCB8FDB,,,2019-08-09T00:00:00,50.0
ACDCFCAE,,,2019-01-28T00:00:00,40.0
ACF64AA9,,,2019-05-07T00:00:00,45.0
AD24FD49,,,2019-01-21T00:00:00,90.0
AD3BC6C3,21/05/2019,,2019-02-18T00:00:00,60.0
AD5552CE,,,2019-05-17T00:00:00,60.0
ADC6E274,,,2019-08-20T00:00:00,120.0
ADDE3D64,,,2019-09-02T00:00:00,120.0
AE64BA57,,,2019-06-12T00:00:00,50.0
AE72D75B,,,2019-02-04T00:00:00,200.0
AE77D29C,,,2019-09-03T00:00:00,100.0
AEA2F97C,,,2019-07-18T00:00:00,65.0
AEABDCB4,,,2018-12-18T00:00:00,200.0
AED49EEC,,,2019-06-21T00:00:00,120.0
AF4A5BA5,,,2019-03-27T00:00:00,150.0
AF625AAF,,,2019-08-05T00:00:00,50.0
AF7B2D28,,,2019-05-14T00:00:00,80.0
AF8A5F37,28/06/2019,,2019-01-30T00:00:00,50.0
AF9CFB2F,21/08/2019,,2019-04-17T00:00:00,30.0
AFA37BD5,,,2019-08-29T00:00:00,250.0
AFA94D57,,,2019-02-18T00:00:00,140.0
B245FF57,,,2019-03-15T00:00:00,100.0
B2827A52,,,2018-12-07T00:00:00,200.0
B29CD6BA,,,2019-08-21T00:00:00,300.0
B2AC2D67,,,2019-06-18T00:00:00,30.0
B2D6A9B9,,,2019-01-28T00:00:00,50.0
B2D73A42,,,2019-07-12T00:00:00,120.0
B2E8BD74,,,2019-02-05T00:00:00,60.0
B32F26BE,,,2019-05-20T00:00:00,260.0
B3A2C2E2,,,2019-08-19T00:00:00,50.0
B3AA5AA8,,,2018-12-04T00:00:00,50.0
B3F768D3,21/08/2019,,2019-05-21T00:00:00,90.0
B47C9DC6,,,2019-07-03T00:00:00,30.0
B4AB4CBF,,,2019-01-15T00:00:00,120.0
B4DDF858,,,2019-07-23T00:00:00,35.0
B53FCCC5,,,2019-08-21T00:00:00,150.0
B59E8FC8,,,2019-04-04T00:00:00,80.0
B5CD25A2,,,2018-12-10T00:00:00,60.0
B628C856,,,2019-08-20T00:00:00,80.0
B649C4C9,,,2019-05-14T00:00:00,60.0
B66FF352,,,2019-08-05T00:00:00,40.0
B6A2793D,,,2019-05-21T00:00:00,130.0
B72546AC,,,2019-07-19T00:00:00,120.0
B7A2BFAC,,,2019-08-21T00:00:00,180.0
B7A898C7,,,2019-08-05T00:00:00,180.0
B7CBB7C9,,,2019-01-29T00:00:00,50.0
B7CC7C2A,,,2019-08-16T00:00:00,150.0
B7F63FA7,,,2019-08-21T00:00:00,400.0
B89A7ECA,21/06/2019,,2019-01-18T00:00:00,70.0
B8D3294E,22/05/2019,,2018-12-06T00:00:00,100.0
B942444A,,,2019-08-19T00:00:00,50.0
B966E59E,,,2019-01-30T00:00:00,40.0
B96A285A,,,2019-07-18T00:00:00,50.0
BA89ACCA,,,2019-07-12T00:00:00,180.0
BAA94525,,,2018-12-06T00:00:00,260.0
BAA954DA,,,2019-07-26T00:00:00,40.0
BBAAFCEC,,,2019-05-07T00:00:00,200.0
BBC9F7C9,,,2019-04-26T00:00:00,20.0
BBEF4C8B,,,2019-08-21T00:00:00,30.0
BC235CCA,01/03/2019,,2019-02-21T00:00:00,110.0
BC2E84AC,,,2019-06-19T00:00:00,160.0
BC6959A4,,,2018-12-07T00:00:00,170.0
BC7CD3C8,,,2019-03-21T00:00:00,170.0
BC837BEA,,,2019-08-21T00:00:00,35.0
BC88AA4C,,,2019-08-28T00:00:00,30.0
BC937B72,,,2019-02-20T00:00:00,90.0
BD49A435,,,2019-06-19T00:00:00,40.0
BD746A38,,,2019-08-21T00:00:00,100.0
BDBA2EDF,,,2019-05-21T00:00:00,180.0
BDBC553C,,,2019-04-16T00:00:00,50.0
BDCE5E6A,19/07/2019,,2019-03-21T00:00:00,50.0
BDCEE5EF,,,2019-09-03T00:00:00,70.0
BDE97876,,,2019-08-21T00:00:00,40.0
BDEAB689,,,2019-01-14T00:00:00,100.0
BEAA77D3,,,2019-07-02T00:00:00,90.0
BEAD964C,21/08/2019,,2019-06-21T00:00:00,45.0
BF229A5A,21/08/2019,,2018-12-20T00:00:00,250.0
BF8345DC,,,2019-06-26T00:00:00,25.0
BF9C7FC3,,,2019-01-14T00:00:00,170.0
BFA6235A,,,2019-08-21T00:00:00,150.0
BFC84A5C,,,2019-06-18T00:00:00,50.0
C222F72C,,,2018-12-18T00:00:00,200.0
C22CAC72,,,2019-08-15T00:00:00,30.0
C22F2AC8,,,2019-08-01T00:00:00,20.0
C23ADB2A,,,2019-08-19T00:00:00,160.0
C23C8FA6,27/08/2019,,2019-05-21T00:00:00,120.0
C23C947B,,,2019-08-19T00:00:00,100.0
C249D9E5,,,2019-08-21T00:00:00,56.0
C24F424B,16/05/2019,,2018-12-19T00:00:00,100.0
C29873E5,,,2019-08-30T00:00:00,50.0
C2A53C3E,,,2019-04-18T00:00:00,100.0
C2A5E33A,21/07/2019,,2019-06-07T00:00:00,85.0
C2AB284F,,,2019-05-31T00:00:00,550.0
C2BCAA77,21/05/2019,,2019-01-18T00:00:00,40.0
C2C2D725,,,2019-04-17T00:00:00,100.0
C2CC75B7,,,2019-08-21T00:00:00,45.0
C2D255A3,22/04/2019,,2019-02-21T00:00:00,60.0
C2D8CFFC,,,2018-12-06T00:00:00,70.0
C3252468,,,2019-08-20T00:00:00,120.0
C339CBF7,,,2019-03-15T00:00:00,70.0
C37AFAC2,,,2019-07-05T00:00:00,70.0
C38E8A76,,,2019-01-14T00:00:00,150.0
C38FEBA5,,,2019-08-12T00:00:00,20.0
C3B7AEDA,,,2019-08-05T00:00:00,380.0
C3BD35CD,,,2019-02-04T00:00:00,200.0
C3CC87D7,,,2019-06-17T00:00:00,50.0
C3D6EDCA,13/08/2019,,2019-05-07T00:00:00,70.0
C3EC8254,,,2019-02-11T00:00:00,80.0
C3FD8A96,,,2019-04-18T00:00:00,50.0
C423A483,,,2019-08-21T00:00:00,25.0
C456AAB4,,,2019-04-18T00:00:00,60.0
C45C795F,,,2019-03-21T00:00:00,40.0
C488F5C6,,,2018-12-07T00:00:00,60.0
C4BEF3EB,21/06/2019,,2019-05-21T00:00:00,100.0
C4C69C2F,20/05/2019,,2018-12-14T00:00:00,180.0
C4F3ECDC,,,2019-03-15T00:00:00,50.0
C5723E82,,,2019-02-21T00:00:00,60.0
C58EC7A9,19/07/2019,,2019-06-19T00:00:00,250.0
C5A62274,,,2019-08-21T00:00:00,130.0
C5C3ADEB,,,2018-12-07T00:00:00,50.0
C5DD52A7,,,2019-01-21T00:00:00,70.0
C5FCA74F,,,2019-05-28T00:00:00,250.0
C5FCFC5F,,,2019-07-21T00:00:00,50.0
C64952CF,21/06/2019,,2019-01-08T00:00:00,300.0
C658DAF4,,,2018-12-12T00:00:00,80.0
C68C5C5A,,,2019-06-19T00:00:00,80.0
C6927A75,,,2019-08-20T00:00:00,30.0
C6A477CB,,,2019-06-11T00:00:00,50.0
C6A89A8C,19/07/2019,,2019-03-19T00:00:00,90.0
C6CFD3C7,,,2019-08-21T00:00:00,40.0
C6EA2A63,,,2019-01-31T00:00:00,80.0
C6F4A5AB,,,2019-03-21T00:00:00,110.0
C72AF69B,21/08/2019,,2019-04-05T00:00:00,60.0
C754FA54,,,2019-08-21T00:00:00,60.0
C795C97A,,,2019-07-01T00:00:00,100.0
C7A754A5,20/05/2019,,2018-12-07T00:00:00,30.0
C7C226FF,,,2019-02-11T00:00:00,90.0
C84AAF92,,,2019-06-17T00:00:00,30.0
C8884A7A,,,2019-07-24T00:00:00,90.0
C892529C,,,2019-01-21T00:00:00,70.0
C8A48B7B,,,2019-06-17T00:00:00,50.0
C8A9AAC8,19/07/2019,,2019-03-18T00:00:00,70.0
C8AC4C79,28/06/2019,,2018-12-18T00:00:00,50.0
C8BFAC52,,,2019-08-19T00:00:00,80.0
C8CA2BDA,30/05/2019,,2019-05-21T00:00:00,60.0
C8D7ADF3,,,2019-08-21T00:00:00,200.0
C93FFFB5,,,2019-08-27T00:00:00,120.0
C95D499E,,,2019-02-26T00:00:00,50.0
C9794485,,,2019-06-19T00:00:00,100.0
C99E2FB4,,,2019-08-15T00:00:00,150.0
C9A4D238,,,2019-01-14T00:00:00,160.0
CA3236ED,,,2019-06-18T00:00:00,200.0
CA3F7978,,,2019-08-29T00:00:00,50.0
CA4C4D4E,05/08/2019,,2019-06-14T00:00:00,150.0
CA575388,21/08/2019,,2019-04-18T00:00:00,70.0
CA5A7495,,,2019-08-12T00:00:00,150.0
CA5D6AC6,,,2019-08-01T00:00:00,150.0
CA6C5C2A,,,2019-08-16T00:00:00,30.0
CA75FCC6,,,2019-08-21T00:00:00,90.0
CA79AEE3,,,2019-08-21T00:00:00,170.0
CA82F3C3,,,2019-08-14T00:00:00,
CA9B5AA4,,,2019-08-15T00:00:00,100.0
CAC323A6,07/05/2019,,2018-12-06T00:00:00,250.0
CACC434B,,,2019-08-21T00:00:00,100.0
CADA75CE,,,2019-08-12T00:00:00,100.0
CADE2756,,,2019-02-04T00:00:00,150.0
CAE934E5,,,2019-08-16T00:00:00,30.0
CAF43937,,,2019-08-13T00:00:00,150.0
CAF5D9C9,,,2019-07-12T00:00:00,40.0
CAF9BCEE,,,2019-08-21T00:00:00,50.0
CB275BCD,,,2019-08-20T00:00:00,25.0
CB44765B,,,2019-08-21T00:00:00,50.0
CB5CF7F3,,,2019-07-09T00:00:00,160.0
CB5E445C,,,2019-08-01T00:00:00,80.0
CBA88EF2,,,2019-03-18T00:00:00,90.0
CBC6FDC5,,,2019-08-07T00:00:00,40.0
CC24EFB6,,,2019-08-21T00:00:00,100.0
CC387D28,19/07/2019,,2019-04-17T00:00:00,50.0
CC528C5A,,,2019-07-19T00:00:00,30.0
CC56AE67,21/08/2019,,2019-05-14T00:00:00,90.0
CC67E6A6,,,2019-06-21T00:00:00,20.0
CC6A5DA3,,,2019-07-25T00:00:00,60.0
CC6AACD6,,,2019-08-20T00:00:00,300.0
CC6C4743,30/01/2019,,2018-12-07T00:00:00,50.0
CC72AC36,17/07/2019,,2018-12-13T00:00:00,190.0
CC9D8FAE,,,2019-08-21T00:00:00,600.0
CCA4A4FF,,,2019-08-21T00:00:00,200.0
CCA878EC,,,2019-02-28T00:00:00,50.0
CCA9C6BC,,,2019-09-02T00:00:00,50.0
CCACFFF8,,,2019-07-12T00:00:00,100.0
CCC8554C,11/06/2019,,2018-12-10T00:00:00,90.0
CCC97757,,,2018-12-18T00:00:00,40.0
CCCF3EA6,,,2019-07-18T00:00:00,40.0
CD3A247C,13/08/2019,,2019-03-20T00:00:00,80.0
CD46B35C,,,2019-04-29T00:00:00,70.0
CD4E4459,15/02/2019,,2018-12-20T00:00:00,200.0
CD57CF5A,,,2019-08-12T00:00:00,30.0
CD8427C2,,,2019-06-18T00:00:00,300.0
CD943ACE,,,2019-08-13T00:00:00,40.0
CD9F3DEF,,,2019-07-08T00:00:00,100.0
CDBC3A52,,,2019-08-19T00:00:00,60.0
CDC8856C,,,2019-07-17T00:00:00,100.0
CDC8AA58,,,2019-07-01T00:00:00,240.0
CDD659E3,,,2019-07-16T00:00:00,50.0
CDDA7AA6,,,2019-08-07T00:00:00,150.0
CDE57C32,,,2019-08-21T00:00:00,45.0
CDF23FC7,,,2019-08-12T00:00:00,100.0
CE3E6437,,,2019-02-12T00:00:00,140.0
CE4B768A,,,2019-01-16T00:00:00,130.0
CE6F558C,02/07/2019,,2019-02-21T00:00:00,80.0
CECF6C3A,,,2019-05-21T00:00:00,60.0
CED2DEDF,,,2019-09-02T00:00:00,100.0
CEE42782,07/06/2019,,2019-02-18T00:00:00,100.0
CEFCA85C,19/07/2019,,2019-01-24T00:00:00,60.0
CF34E3C2,,,2018-12-17T00:00:00,70.0
CF5CDC33,,,2019-08-01T00:00:00,50.0
CFB3CAAC,,,2019-08-20T00:00:00,50.0
CFC4BACB,,,2018-12-19T00:00:00,100.0
D24367DE,,,2019-08-21T00:00:00,40.0
D26ACAA7,,,2019-04-02T00:00:00,40.0
D26CBFAF,19/07/2019,,2019-03-20T00:00:00,70.0
D2AA8CA4,,,2019-04-08T00:00:00,70.0
D2CC8B5A,,,2019-07-31T00:00:00,70.0
D3399A6C,,,2019-08-07T00:00:00,60.0
D33AAADC,,,2019-08-15T00:00:00,90.0
D3AAED36,,,2019-04-08T00:00:00,150.0
D3ABA848,,,2019-09-03T00:00:00,70.0
D3CEB8C5,,,2019-07-18T00:00:00,30.0
D3DE4E92,21/06/2019,,2018-12-18T00:00:00,300.0
D3ECD5F9,27/08/2019,,2019-02-13T00:00:00,100.0
D4B7A3A2,,,2019-08-12T00:00:00,15.0
D54AC7A7,,,2018-12-20T00:00:00,30.0
D554C26C,,,2019-01-16T00:00:00,100.0
D55963F4,,,2019-03-20T00:00:00,60.0
D5799F3B,21/06/2019,,2019-01-14T00:00:00,40.0
D5C7832D,17/07/2019,,2019-01-14T00:00:00,60.0
D6A2F9CB,,,2019-07-30T00:00:00,400.0
D6C6C4AC,,,2019-05-21T00:00:00,60.0
D6E48F99,,,2019-05-07T00:00:00,70.0
D73CA2C6,,,2019-01-14T00:00:00,90.0
D76396D2,,,2019-08-16T00:00:00,50.0
D7CCAC3F,,,2019-05-17T00:00:00,100.0
D82436BA,,,2019-01-16T00:00:00,100.0
D832669C,,,2019-06-27T00:00:00,50.0
D8DCCCB2,,,2018-12-17T00:00:00,45.0
D8E248FF,,,2019-08-21T00:00:00,80.0
D8EA66F5,,,2019-07-05T00:00:00,320.0
D9663F86,17/07/2019,,2019-02-06T00:00:00,325.0
D9C63A2A,,,2019-06-12T00:00:00,260.0
D9EC88AE,,,2019-08-01T00:00:00,400.0
D9ECA582,,,2019-07-19T00:00:00,170.0
DA2DA97C,,,2019-08-21T00:00:00,110.0
DA5BE987,18/02/2019,,2018-12-07T00:00:00,30.0
DA8E9642,,,2019-07-12T00:00:00,20.0
DAA23BC5,,,2019-05-03T00:00:00,80.0
DAAFB93C,,,2019-07-17T00:00:00,30.0
DAEA3AC3,,,2019-02-27T00:00:00,60.0
DAFE4ACF,,,2019-07-09T00:00:00,10.0
DBD64BEB,17/07/2019,,2019-02-06T00:00:00,50.0
DC2C47CC,,,2019-08-21T00:00:00,120.0
DC5CA6FC,,,2019-05-21T00:00:00,100.0
DC5E63FC,21/08/2019,,2019-05-21T00:00:00,80.0
DC795DEC,,,2019-08-21T00:00:00,125.0
DCA2933C,,,2019-07-15T00:00:00,400.0
DCDC5D5E,21/06/2019,,2018-12-10T00:00:00,110.0
DCE35B2D,,,2019-09-02T00:00:00,60.0
DCFACCC7,,,2019-08-30T00:00:00,150.0
DCFE932F,,,2019-08-16T00:00:00,35.0
DD6DA49C,,,2019-07-19T00:00:00,200.0
DDA2EE34,,,2019-08-21T00:00:00,50.0
DDCB7BC4,,,2019-06-04T00:00:00,70.0
DDCFCF44,,,2018-12-20T00:00:00,100.0
DDEAC7CE,05/08/2019,,2018-12-20T00:00:00,260.0
DDFA9FC8,,,2019-08-20T00:00:00,100.0
DDFBC78D,21/08/2019,,2019-04-17T00:00:00,120.0
DEF3F7A8,,,2019-05-21T00:00:00,110.0
DFEF57EA,,,2019-08-21T00:00:00,60.0
E2686A2A,,,2019-01-18T00:00:00,120.0
E27BAEB8,,,2019-02-08T00:00:00,130.0
E29C3AEC,,,2019-04-16T00:00:00,60.0
E2CA43C5,,,2019-08-21T00:00:00,80.0
E3AAD5AA,04/06/2019,,2019-02-11T00:00:00,230.0
E3AC65CA,,,2019-04-24T00:00:00,100.0
E3FD454C,,,2019-03-21T00:00:00,100.0
E46D4DDA,,,2019-08-21T00:00:00,60.0
E47D2A4B,,,2019-09-02T00:00:00,110.0
E47F3F52,,,2019-07-26T00:00:00,70.0
E499A9CA,14/06/2019,,2019-05-03T00:00:00,70.0
E4ABC389,,,2019-08-01T00:00:00,20.0
E4CCA47D,,,2018-12-05T00:00:00,110.0
E4CF7C25,,,2019-08-20T00:00:00,120.0
E4F7B8CF,,,2019-05-31T00:00:00,50.0
E5CCFD3C,,,2019-02-26T00:00:00,100.0
E5DBAAA4,22/08/2019,,2019-02-12T00:00:00,140.0
E5E3C777,,,2019-08-21T00:00:00,50.0
E5EBCEAF,24/07/2019,,2018-12-17T00:00:00,40.0
E5FD5E28,,,2019-03-07T00:00:00,90.0
E6677FEB,,,2019-07-31T00:00:00,130.0
E68AA2FA,21/08/2019,,2019-03-29T00:00:00,90.0
E6CEDAEB,,,2019-08-19T00:00:00,450.0
E77C4C69,,,2019-08-21T00:00:00,30.0
E7CDADED,,,2019-02-05T00:00:00,30.0
E86563CB,,,2019-08-01T00:00:00,50.0
E8A22723,,,2019-03-18T00:00:00,70.0
E935FE48,,,2019-05-21T00:00:00,200.0
E9AF5B84,,,2019-08-20T00:00:00,150.0
E9BBBCCC,,,2019-07-19T00:00:00,85.0
E9CC7C2D,,,2018-12-19T00:00:00,100.0
E9DDC884,19/07/2019,,2019-04-15T00:00:00,100.0
EA29F995,,,2019-05-13T00:00:00,50.0
EA3AAAD7,,,2019-07-19T00:00:00,115.0
EA66978B,,,2019-08-16T00:00:00,63.0
EA6BEBE6,,,2018-12-10T00:00:00,100.0
EAA39FA9,20/08/2019,,2019-01-21T00:00:00,100.0
EAAA282B,,,2019-01-18T00:00:00,50.0
EAC2F3EE,17/07/2019,,2019-01-18T00:00:00,20.0
EAC844C5,,,2019-03-15T00:00:00,70.0
EADAEA9D,,,2019-08-20T00:00:00,40.0
EB23F95B,,,2019-03-19T00:00:00,70.0
EB253B73,02/09/2019,,2019-06-21T00:00:00,110.0
EB7ABF39,,,2018-12-07T00:00:00,80.0
EC787ED9,,,2019-02-18T00:00:00,280.0
EC973AAA,19/06/2019,,2019-02-20T00:00:00,80.0
EC9CFAA9,,,2019-06-18T00:00:00,60.0
ECA33FE6,,,2019-04-18T00:00:00,200.0
ECA954E3,19/07/2019,,2019-06-17T00:00:00,30.0
ECF32443,,,2019-07-31T00:00:00,150.0
ECF9BA34,,,2019-08-30T00:00:00,25.0
ED2A6C35,,,2018-12-20T00:00:00,90.0
EE432A38,,,2019-07-19T00:00:00,220.0
EE8968C7,,,2018-12-04T00:00:00,40.0
EEDAC5CE,,,2019-08-21T00:00:00,120.0
EEECF3AD,,,2019-07-12T00:00:00,82.0
EFAF2B65,,,2019-07-17T00:00:00,70.0
F2ACAC9C,,,2019-08-19T00:00:00,100.0
F2C7C38C,04/06/2019,,2019-01-29T00:00:00,50.0
F323289C,,,2019-08-21T00:00:00,90.0
F336DEE2,,,2019-08-21T00:00:00,120.0
F33EDA94,21/05/2019,,2018-12-10T00:00:00,70.0
F349C966,,,2019-08-16T00:00:00,55.0
F35A565F,,,2018-12-07T00:00:00,90.0
F3E49A8C,,,2019-08-21T00:00:00,25.0
F44A22D3,,,2019-04-18T00:00:00,60.0
F4837CC5,,,2019-08-21T00:00:00,150.0
F5266842,18/04/2019,,2018-12-07T00:00:00,20.0
F5AAABAF,,,2019-05-23T00:00:00,80.0
F5B6A98B,,,2019-06-19T00:00:00,120.0
F5B73735,21/06/2019,,2018-12-12T00:00:00,180.0
F5C4FEC9,,,2019-05-13T00:00:00,50.0
F6A39A7A,18/04/2019,,2019-01-29T00:00:00,30.0
F6A48B69,06/08/2019,,2019-01-21T00:00:00,350.0
F6D69A29,,,2019-02-28T00:00:00,60.0
F737CC5B,24/07/2019,,2019-07-04T00:00:00,50.0
F7E7798B,,,2019-01-31T00:00:00,100.0
F7EA963B,,,2019-07-02T00:00:00,240.0
F7EDB6C5,,,2019-08-19T00:00:00,32.0
F838AA96,,,2019-08-19T00:00:00,35.0
F889A4F9,28/02/2019,,2018-12-17T00:00:00,50.0
F8DA57C7,,,2019-05-07T00:00:00,100.0
F8DBEC9C,,,2019-07-19T00:00:00,60.0
F953A953,,,2019-07-30T00:00:00,35.0
F962ACAC,,,2018-12-11T00:00:00,90.0
F962C973,,,2019-07-04T00:00:00,70.0
F98CC7CC,,,2019-02-21T00:00:00,100.0
F9DCCCE9,,,2019-06-17T00:00:00,80.0
F9E7CA5B,,,2019-08-14T00:00:00,800.0
FA32CD22,,,2019-06-12T00:00:00,116.0
FA5C2D46,21/08/2019,,2019-02-18T00:00:00,150.0
FA5E265B,,,2019-03-19T00:00:00,90.0
FADD68AC,,,2019-01-17T00:00:00,60.0
FAFFA5CB,,,2019-04-12T00:00:00,90.0
FB2CC4DF,,,2019-08-19T00:00:00,35.0
FB7CA94A,,,2018-12-19T00:00:00,300.0
FC3AF58D,,,2019-08-02T00:00:00,158.0
FC63C67D,28/06/2019,,2019-06-21T00:00:00,50.0
FC643EFA,09/05/2019,,2019-02-07T00:00:00,130.0
FC6DE6DA,16/07/2019,,2019-02-12T00:00:00,200.0
FC6EE4AA,,,2019-08-21T00:00:00,20.0
FCBCC8CA,,,2019-08-16T00:00:00,80.0
FCCE8FAF,,,2019-05-21T00:00:00,50.0
FCDA59DA,,,2019-08-19T00:00:00,250.0
FCE28DF4,11/06/2019,,2019-02-21T00:00:00,60.0
FCFAF243,21/06/2019,,2018-12-14T00:00:00,150.0
FD7DA299,,,2019-08-29T00:00:00,50.0
FDB5368A,,,2019-07-04T00:00:00,150.0
FDB68BFB,,,2019-08-21T00:00:00,150.0
FE2B4A3C,,,2019-02-07T00:00:00,50.0
FE4B4D86,,,2019-06-19T00:00:00,60.0
FEA4A9CF,,,2019-04-15T00:00:00,400.0
FEA8CA8A,,,2019-07-01T00:00:00,200.0
FEAC7BCE,21/05/2019,,2019-03-20T00:00:00,70.0
FEAD27FC,18/07/2019,,2019-02-14T00:00:00,390.0
FEDAA4FA,,,2019-03-20T00:00:00,200.0
FF2AFF9B,,,2019-08-12T00:00:00,250.0
FF2EC2EC,26/02/2019,,2018-12-20T00:00:00,100.0
FF6CEC93,,,2019-07-08T00:00:00,90.0
FF7F9C4B,13/03/2019,,2018-12-05T00:00:00,120.0
FFC79886,,,2019-08-21T00:00:00,100.0
FFCDBBAE,,,2019-08-05T00:00:00,150.0
FFD66F26,18/04/2019,,2018-12-18T00:00:00,50.0
FFE5ECCB,02/09/2019,,2018-12-13T00:00:00,130.0
FFECA53A,,,2019-05-16T00:00:00,100.0
